{"IcoMoonType":"selection","icons":[{"icon":{"paths":["M992.262 871.396l-242.552-206.294c-25.074-22.566-51.89-32.926-73.552-31.926 57.256-67.068 91.842-154.078 91.842-249.176 0-212.078-171.922-384-384-384-212.076 0-384 171.922-384 384s171.922 384 384 384c95.098 0 182.108-34.586 249.176-91.844-1 21.662 9.36 48.478 31.926 73.552l206.294 242.552c35.322 39.246 93.022 42.554 128.22 7.356s31.892-92.898-7.354-128.22zM384 640c-141.384 0-256-114.616-256-256s114.616-256 256-256 256 114.616 256 256-114.614 256-256 256z"],"attrs":[{}],"isMulticolor":false,"isMulticolor2":false,"tags":["search","magnifier","magnifying-glass","inspect","find"],"grid":16},"attrs":[{}],"properties":{"order":1,"id":3,"name":"search, magnifier, magnifying-glass, inspect, find","prevSize":32,"code":59651},"setIdx":0,"setId":0,"iconIdx":0},{"icon":{"paths":["M512 0c-176.732 0-320 143.268-320 320 0 320 320 704 320 704s320-384 320-704c0-176.732-143.27-320-320-320zM512 512c-106.040 0-192-85.96-192-192s85.96-192 192-192 192 85.96 192 192-85.96 192-192 192z"],"attrs":[{}],"isMulticolor":false,"isMulticolor2":false,"tags":["location","map-marker","pin"],"grid":16},"attrs":[{}],"properties":{"order":5,"id":2,"name":"location","prevSize":32,"code":59648},"setIdx":0,"setId":0,"iconIdx":1},{"icon":{"paths":["M384 928c0 53.019-42.981 96-96 96s-96-42.981-96-96c0-53.019 42.981-96 96-96s96 42.981 96 96z","M1024 928c0 53.019-42.981 96-96 96s-96-42.981-96-96c0-53.019 42.981-96 96-96s96 42.981 96 96z","M1024 512v-384h-768c0-35.346-28.654-64-64-64h-192v64h128l48.074 412.054c-29.294 23.458-48.074 59.5-48.074 99.946 0 70.696 57.308 128 128 128h768v-64h-768c-35.346 0-64-28.654-64-64 0-0.218 0.014-0.436 0.016-0.656l831.984-127.344z"],"attrs":[{},{},{}],"isMulticolor":false,"isMulticolor2":false,"tags":["cart","purchase","ecommerce","shopping"],"grid":16},"attrs":[{},{},{}],"properties":{"order":1,"id":1,"name":"cart","prevSize":32,"code":59649},"setIdx":0,"setId":0,"iconIdx":2},{"icon":{"paths":["M64 192h896v192h-896zM64 448h896v192h-896zM64 704h896v192h-896z"],"attrs":[{}],"isMulticolor":false,"isMulticolor2":false,"tags":["menu","list","options","lines","hamburger"],"grid":16},"attrs":[{}],"properties":{"order":1,"id":0,"name":"menu","prevSize":32,"code":59650},"setIdx":0,"setId":0,"iconIdx":3}],"height":1024,"metadata":{"name":"icomoon"},"preferences":{"showGlyphs":true,"showCodes":true,"showQuickUse":true,"showQuickUse2":true,"showSVGs":true,"fontPref":{"prefix":"icon-","metadata":{"fontFamily":"icomoon"},"metrics":{"emSize":1024,"baseline":6.25,"whitespace":50},"embed":false},"imagePref":{"prefix":"icon-","png":true,"useClassSelector":true,"color":0,"bgColor":16777215},"historySize":50}}